session_id,participant_id,start_epoch_ts,session_risk_score,session_risk_band,valid,risk_score,risk_band,data_completeness,n_features_missing,F01_evs_speech_std_ms,F02_mean_evs_speech_ms,F03_evs_speech_skew,F04_speech_inversion_rate,F05_evs_typing_std_ms,F06_mean_fixation_duration_ms,F07_std_fixation_duration_ms,F08_regression_rate,F09_regression_count_total,F10_fixation_outlier_ratio,F11_typing_inversion_rate,F12_mean_correction_rate,F13_max_corrections,F14_stg_std_ms,F15_stg_negative_rate,F16_corr_evs_speech_fixation,F17_corr_evs_typing_latency,date
2b29c30c-dc27-4e3e-ba26-cab67da189ce,p001,1771986818.7936583,0.3,MODERATE,1,0.3,MODERATE,0.7063636363636364,6,349.77691261887225,900.1403050666665,-0.016958676975583897,0.05,,176.18677416491127,16.162511874159993,0.0,0,1.1695181816467768,,,0,,,0.12398728845029447,,2026-02-25 08:03
1618efd1-80a5-4d2e-b1ce-c58444374297,p002,1772009016.190635,,,,0.0,INCONCLUSIVE,,,,,,,,,,,,,,,,,,,,2026-02-25 14:13
53d1d3ed-8462-4021-9530-53b8591584eb,p002,1772010028.3856082,0.3,MODERATE,1,0.3,MODERATE,0.7687121212121213,6,497.92544535934195,1572.1140074666666,0.5892705689412188,0.0,,169.65329033987865,11.649930204045138,0.0,0,1.120528825607876,,,0,,,0.1595266010360698,,2026-02-25 14:30
e3d3f9a1-881a-465c-b1ca-65f23053c4e3,p003,1772021824.3857734,0.3,MODERATE,1,0.3,MODERATE,0.6972727272727273,6,746.891976188644,1075.2881706666667,0.6373949467973878,0.041666666666666664,,170.77794878255753,14.022767989955998,0.0,0,1.139635491278566,,,0,,,-0.30939399745843266,,2026-02-25 17:47
6bb179e8-136d-47b8-ab1f-4d88db1fe6dd,p005,1772086469.459952,,,,0.0,INCONCLUSIVE,,,,,,,,,,,,,,,,,,,,2026-02-26 11:44
233274b3-1319-402f-8658-f6b6c4807c33,p005,1772087251.8615859,,,,0.0,INCONCLUSIVE,,,,,,,,,,,,,,,,,,,,2026-02-26 11:57
c1b8e29e-10e2-4feb-98e2-7620a65bfab9,p005,1772087477.5263095,0.4,MODERATE,1,0.4,MODERATE,0.6993801652892562,0,3322.242144298603,243.51026994978363,-0.5659314129212425,0.17272727272727273,4408.1180906377385,174.76335056072358,19.279992835700543,0.0,0,1.2130175780336507,1.0,0.29980158730158735,5,3488.236440097387,1.0,-0.07829175800075144,0.21174484049334677,2026-02-26 12:01
c1b8e29e-10e2-4feb-98e2-7620a65bfab9,p005,1772087477.5263095,0.4,MODERATE,1,0.4,MODERATE,0.7147727272727273,0,3570.9026876171483,72.80210121142866,-0.579746910801379,0.19,4540.152971725045,174.86162162016305,18.84821808366095,0.0,0,1.207035179794016,1.0,0.20348324514991184,5,3503.5306945036195,1.0,-0.13032833831312218,0.2624395764470558,2026-02-26 12:01
6395c2ca-60e7-45cf-939d-c04b77fe4dc4,p006,1772096865.4319315,,,,0.0,INCONCLUSIVE,,,,,,,,,,,,,,,,,,,,2026-02-26 14:37
89734b67-1feb-47f5-86db-1fe8c6746446,p006,1772097028.4556613,,,,0.0,INCONCLUSIVE,,,,,,,,,,,,,,,,,,,,2026-02-26 14:40
dde09ccb-07bf-4e3a-8006-b5abc8440482,p006,1772097127.080829,0.55,HIGH,1,0.55,HIGH,0.829469696969697,0,5121.3042269725365,637.6337979210884,-0.1538732652336281,0.2530612244897959,6215.931212788455,178.18330200633616,16.067962892825513,0.0,0,1.1461382392750576,1.0,0.08068783068783068,2,3874.4253503462373,1.0,0.22195481784061583,0.13418367087120797,2026-02-26 14:42
07388106-92de-44e0-b536-6c5222e43554,p007,1772098998.830314,,,,0.0,INCONCLUSIVE,,,,,,,,,,,,,,,,,,,,2026-02-26 15:13
235050a8-6c14-43b6-8098-4609d6206104,p007,1772099077.746736,,,,0.0,INCONCLUSIVE,,,,,,,,,,,,,,,,,,,,2026-02-26 15:14
15ade96f-c567-4f3e-9442-05afb700496b,p007,1772099193.0872521,0.55,HIGH,1,0.55,HIGH,0.7896969696969697,0,3317.30791294167,-361.93776792380964,-0.949449832877943,0.2928571428571428,3671.638161687182,169.8300703650429,14.723350951417032,0.0,0,1.1663353152762586,1.0,0.05092592592592592,1,2630.077506690558,1.0,0.025444832845462027,0.1227761324288375,2026-02-26 15:16
56978723-8649-4a46-8921-c055022126c4,p008,1772121661.1948524,0.3,MODERATE,1,0.3,MODERATE,0.853409090909091,0,3882.6385862381276,-393.4669642857142,-0.6268451121305001,0.20327380952380952,6576.329233870466,165.41262622089442,9.637711170882822,0.0,0,1.1197692768875185,0.044487734487734486,0.15163059163059162,4,4085.483884583421,0.0,0.3366700220246752,0.16005036725283886,2026-02-26 21:31
79c6261a-b416-4da3-9959-f9e48cf0eea4,p009,1772122521.5814474,0.4,MODERATE,1,0.4,MODERATE,0.7779545454545455,0,1516.6218440635896,402.3858008658009,-0.1664895557825275,0.14909090909090908,6497.732783823974,168.20283229388886,13.34333485972814,0.0,0,1.149081918884789,0.09642857142857142,0.07500000000000001,1,3653.929157134303,0.0,-0.2011162002269711,-0.07467469770889026,2026-02-26 21:45
99d4a680-9565-4057-be85-83cf464912c3,p009,1772122750.7697504,0.4,MODERATE,1,0.4,MODERATE,0.7728787878787879,0,993.2833783647608,1070.9366666666667,0.075146691129711,0.045,4158.060278862029,165.68000666678898,9.84433400016505,0.0,0,1.1083718501162878,0.0,0.22182539682539681,3,3683.4059111679044,0.0,0.03811921568840583,0.2698559200873192,2026-02-26 21:49
a9fc7782-08ad-40c5-a5dc-acfc73a5c037,p010,1772165708.8983154,0.4,MODERATE,1,0.4,MODERATE,0.7196212121212122,0,4219.343161856624,7485.866666666667,-0.26445282356206695,0.030952380952380953,4285.704912835129,177.67017032418931,16.393713172272204,0.0,0,1.14553415811592,0.05317460317460317,0.12658730158730158,3,1114.4628684352788,0.39999999999999997,-0.0805195330757816,0.017224545197374732,2026-02-27 09:45
ecd6c8b6-4d5f-4f3d-88b8-0a69a7de2919,p011,1772170734.50383,0.4,MODERATE,1,0.4,MODERATE,0.8512121212121212,0,4161.261203355954,3151.7830158730158,0.3323121898281417,0.07888888888888888,5124.716926535228,175.10977725187936,16.267439215485318,0.1956060606060606,19,1.163703537201592,0.07063492063492063,0.23715277777777777,7,1290.430436833642,0.017857142857142856,-0.2136352089019735,0.07718151256266563,2026-02-27 11:08
1c5d8f40-d717-486f-9bf8-9dd5c0773820,p16,1775922572.9961581,0.3,INCONCLUSIVE,0,0.3,INCONCLUSIVE,0.2481060606060606,0,2549.6462935517593,3358.3333333333335,0.6494381665862891,0.0,1780.2560443187192,168.8706298669179,7.146497447001467,0.0325,3,1.0463435836874058,0.0,0.0,0,1087.9938725317652,0.0,0.9751279108202461,0.41305883379577063,2026-04-11 21:19
e3702803-0efb-41d2-bd9f-76cbd86ab2ee,p17,1775939999.4634533,0.4,MODERATE,1,0.4,MODERATE,0.763888888888889,0,1211.5888406089564,2347.222222222222,0.2221391355529244,0.0,1553.406382430204,171.7301368713379,13.339175726426669,0.1111111111111111,2,1.1285919322235778,0.0,0.0,0,501.49898148018474,0.0,-0.8833855165058406,-0.07519297299308558,2026-04-12 02:09
41130f30-2e7a-4a3a-8f03-b76bb0509c79,p18,1775940782.0710473,0.4,MODERATE,1,0.4,MODERATE,0.8055555555555557,0,169.0733641622352,1290.4444444444443,0.0759904824846281,0.0,931.5160283273921,165.44897291395398,16.74536492514965,0.13888888888888887,3,1.1964217125916272,0.0,0.0,0,247.91610488576248,0.0,-0.9332921606236264,0.037608252971605714,2026-04-12 02:23
3ebe9133-cdd2-478a-be6f-0769ba541bbe,p19,1775968024.548345,0.35,MODERATE,1,0.35,MODERATE,0.8194444444444445,1,442.5,197.16666666666666,0.0,0.5,1438.1910905092461,180.94415929582385,14.112725352984393,0.1111111111111111,2,1.1027840512825111,0.05555555555555555,0.0,0,137.83333333333334,0.0,,-0.2989274827378839,2026-04-12 09:57
1adff5d2-176d-470a-b447-eb12bb2243b0,p20,1775968605.989575,0.55,HIGH,1,0.55,HIGH,1.0,0,2196.382461353625,3391.133333333333,0.11801211191203538,0.0,2114.660049609201,169.18298602104187,11.811149881239606,0.27777777777777773,6,1.1488609245751513,0.0,0.0,0,816.1022456770166,0.16666666666666666,-0.08611376302772304,-0.16539156205804065,2026-04-12 10:06
