session_id,participant_id,sentence_id,session_id,sentence_index,sentence_type,text,word_count,onset_ts,end_ts,duration_ms,data_completeness,mean_evs_speech_ms,std_evs_speech_ms,regression_rate,regression_count,risk_score
2b29c30c-dc27-4e3e-ba26-cab67da189ce,p001,a992a3d0-e4da-451e-8cba-045e33255ce8,2b29c30c-dc27-4e3e-ba26-cab67da189ce,0,practice,The cat sat on the mat,6,0.0,13.657,13657.0,1.0,7869.343061333333,68.85964753803923,0.0,0,
2b29c30c-dc27-4e3e-ba26-cab67da189ce,p001,43c7d6c4-eb56-462a-9fb2-72d045b6c2b8,2b29c30c-dc27-4e3e-ba26-cab67da189ce,1,practice,She walked quickly to the store,6,13.672,17.485,3813.0,1.0,782.1628586666666,161.95850243777966,0.0,0,
2b29c30c-dc27-4e3e-ba26-cab67da189ce,p001,0c7e6363-223d-410a-8dfa-7dbe21d712a8,2b29c30c-dc27-4e3e-ba26-cab67da189ce,2,scored,The children played outside until the sun set,8,17.5,22.157,4657.0,0.875,771.0173866666668,200.3169907742612,0.0,0,
2b29c30c-dc27-4e3e-ba26-cab67da189ce,p001,2147a0e4-22e0-4b0c-8d56-3e10cb59b4bb,2b29c30c-dc27-4e3e-ba26-cab67da189ce,3,scored,Every morning she read the newspaper before breakfast,8,22.157,26.844,4687.0,0.625,915.7759146666667,242.42082469466348,0.0,0,
2b29c30c-dc27-4e3e-ba26-cab67da189ce,p001,b304fc8b-30d5-43dc-9abf-9d7e853bdeba,2b29c30c-dc27-4e3e-ba26-cab67da189ce,4,scored,The scientist observed that the plants grew faster in sunlight,10,26.844,32.188,5344.0,0.7,1081.26912,389.53408,0.0,0,
2b29c30c-dc27-4e3e-ba26-cab67da189ce,p001,10125803-e33a-4ff2-97d4-1fb64e753792,2b29c30c-dc27-4e3e-ba26-cab67da189ce,5,scored,After the storm the streets were covered with fallen leaves,10,32.204,36.36,4156.0,0.8,1622.843904,0.0,0.0,0,
2b29c30c-dc27-4e3e-ba26-cab67da189ce,p001,dfbb725b-de77-4a23-a9eb-b5be70eeca8f,2b29c30c-dc27-4e3e-ba26-cab67da189ce,6,scored,The museum displayed artifacts from ancient civilizations around the world,10,36.375,42.063,5688.0,0.8,1207.6819626666668,485.7165699670066,0.0,0,
2b29c30c-dc27-4e3e-ba26-cab67da189ce,p001,8b6e156c-d9c0-4b89-b075-084b91593b77,2b29c30c-dc27-4e3e-ba26-cab67da189ce,7,scored,During the summer holidays they traveled to several different countries,10,42.063,47.297,5234.0,0.7,300.12044800000007,284.80648670267846,0.0,0,
2b29c30c-dc27-4e3e-ba26-cab67da189ce,p001,42a58932-9f0a-4b41-bbdf-5c17898a1f52,2b29c30c-dc27-4e3e-ba26-cab67da189ce,8,scored,The engineer carefully examined the bridge structure before approving the design,11,47.297,52.204,4907.0,0.8181818181818182,1371.498752,468.424448,0.0,0,
2b29c30c-dc27-4e3e-ba26-cab67da189ce,p001,f7c77ebd-90c1-4e5b-9fb7-66b83492ea85,2b29c30c-dc27-4e3e-ba26-cab67da189ce,9,scored,She discovered that consistent practice significantly improved her reading speed,10,52.235,57.375,5140.0,0.7,553.1128319999999,366.56068506197494,0.0,0,
2b29c30c-dc27-4e3e-ba26-cab67da189ce,p001,f3f52062-43f6-4cf8-be62-dd5bb3c502ff,2b29c30c-dc27-4e3e-ba26-cab67da189ce,10,scored,The local government proposed constructing a new library in the town center,12,57.375,62.032,4657.0,0.5,369.1054933333333,765.1492395300105,0.0,0,
2b29c30c-dc27-4e3e-ba26-cab67da189ce,p001,00ef2d90-bfdb-4392-8559-b6191bab3ed5,2b29c30c-dc27-4e3e-ba26-cab67da189ce,11,scored,Research has demonstrated that bilingual children often develop stronger cognitive flexibility,11,62.032,67.454,5422.0,0.5454545454545454,808.9772373333334,294.83980145812694,0.0,0,
1618efd1-80a5-4d2e-b1ce-c58444374297,p002,fbe5fa94-1bec-41ea-be37-54e252fb0fbc,1618efd1-80a5-4d2e-b1ce-c58444374297,0,practice,The cat sat on the mat,6,0.016,5.344,5328.0,1.0,1819.8091264000002,728.4353776236204,0.0,0,
53d1d3ed-8462-4021-9530-53b8591584eb,p002,f1b24c44-1e89-4305-81f1-9317ae22e35e,53d1d3ed-8462-4021-9530-53b8591584eb,0,practice,The cat sat on the mat,6,0.015,7.265,7250.0,1.0,3209.50912,1966.1264195142244,0.0,0,
53d1d3ed-8462-4021-9530-53b8591584eb,p002,6696d17e-7bdf-4c6e-a377-440305f82c23,53d1d3ed-8462-4021-9530-53b8591584eb,1,practice,She walked quickly to the store,6,7.265,9.968,2703.0,0.6666666666666666,593.755136,0.0,0.0,0,
53d1d3ed-8462-4021-9530-53b8591584eb,p002,1ca8dbb4-6502-4302-ad9c-2591df136f78,53d1d3ed-8462-4021-9530-53b8591584eb,2,scored,The children played outside until the sun set,8,10.015,13.718,3703.0,0.625,1137.6145066666666,123.18814468130249,0.0,0,
53d1d3ed-8462-4021-9530-53b8591584eb,p002,eeb5dcae-9bed-4caa-b6cd-fadb9ff8834c,53d1d3ed-8462-4021-9530-53b8591584eb,3,scored,Every morning she read the newspaper before breakfast,8,13.718,18.39,4672.0,0.75,1961.1386367999999,1241.089555967441,0.0,0,
53d1d3ed-8462-4021-9530-53b8591584eb,p002,fd16d01b-6262-45b7-b3ef-881a946ce88d,53d1d3ed-8462-4021-9530-53b8591584eb,4,scored,The scientist observed that the plants grew faster in sunlight,10,18.39,22.796,4406.0,0.8,1187.121024,296.25868799999995,0.0,0,
53d1d3ed-8462-4021-9530-53b8591584eb,p002,c6aed30c-2e46-4776-bac2-2f27f1e16daf,53d1d3ed-8462-4021-9530-53b8591584eb,5,scored,After the storm the streets were covered with fallen leaves,10,22.812,26.859,4047.0,0.7,797.867776,0.0,0.0,0,
53d1d3ed-8462-4021-9530-53b8591584eb,p002,66480c32-5f11-45b1-9f16-ed19d47a2130,53d1d3ed-8462-4021-9530-53b8591584eb,6,scored,The museum displayed artifacts from ancient civilizations around the world,10,26.859,33.406,6547.0,0.7,1633.0103679999997,947.7093950347321,0.0,0,
53d1d3ed-8462-4021-9530-53b8591584eb,p002,fd9b5154-e61d-41af-a9cb-f03fd3e2b05f,53d1d3ed-8462-4021-9530-53b8591584eb,7,scored,During the summer holidays they traveled to several different countries,10,33.421,41.453,8032.0,0.9,1591.542016,459.68822323209577,0.0,0,
53d1d3ed-8462-4021-9530-53b8591584eb,p002,24f9703d-db64-48d8-ab96-0146ae22d30c,53d1d3ed-8462-4021-9530-53b8591584eb,8,scored,The engineer carefully examined the bridge structure before approving the design,11,41.468,47.906,6438.0,0.8181818181818182,2318.761642666667,1283.567719430036,0.0,0,
53d1d3ed-8462-4021-9530-53b8591584eb,p002,7575f9d1-106c-4742-b2d3-6879537a5b48,53d1d3ed-8462-4021-9530-53b8591584eb,9,scored,She discovered that consistent practice significantly improved her reading speed,10,47.906,53.937,6031.0,1.0,1618.7407871999999,338.6605999590107,0.0,0,
53d1d3ed-8462-4021-9530-53b8591584eb,p002,83c02a5a-5248-42d4-9f4a-970e2e3c3b9b,53d1d3ed-8462-4021-9530-53b8591584eb,10,scored,The local government proposed constructing a new library in the town center,12,53.953,59.078,5125.0,0.6666666666666666,1458.7322453333334,270.96527928880175,0.0,0,
53d1d3ed-8462-4021-9530-53b8591584eb,p002,db064cb8-d498-4df3-892f-d373f062e7ed,53d1d3ed-8462-4021-9530-53b8591584eb,11,scored,Research has demonstrated that bilingual children often develop stronger cognitive flexibility,11,59.093,66.921,7828.0,0.7272727272727273,2016.6110720000001,18.126847999999995,0.0,0,
e3d3f9a1-881a-465c-b1ca-65f23053c4e3,p003,51deb6e2-6a74-4d1b-a24f-39b16266581f,e3d3f9a1-881a-465c-b1ca-65f23053c4e3,0,practice,The cat sat on the mat,6,0.015,6.343,6328.0,1.0,3305.2797440000004,1423.3956905658913,0.0,0,
e3d3f9a1-881a-465c-b1ca-65f23053c4e3,p003,d429e9c0-3d83-4433-b35a-6b5a09e01bef,e3d3f9a1-881a-465c-b1ca-65f23053c4e3,1,practice,She walked quickly to the store,6,6.375,8.937,2562.0,0.8333333333333334,659.836416,0.0,0.0,0,
e3d3f9a1-881a-465c-b1ca-65f23053c4e3,p003,7a8ae028-673d-446b-aca7-fde534f0666c,e3d3f9a1-881a-465c-b1ca-65f23053c4e3,2,scored,The children played outside until the sun set,8,9.0,12.765,3765.0,0.625,866.1195519999999,259.69343999999995,0.0,0,
e3d3f9a1-881a-465c-b1ca-65f23053c4e3,p003,251c8491-4b8d-46c4-aa21-d52f7c499eca,e3d3f9a1-881a-465c-b1ca-65f23053c4e3,3,scored,Every morning she read the newspaper before breakfast,8,12.781,17.406,4625.0,0.875,1034.5115306666667,1051.0417399416635,0.0,0,
e3d3f9a1-881a-465c-b1ca-65f23053c4e3,p003,bcf61be9-6652-4502-855c-5d366f288f1e,e3d3f9a1-881a-465c-b1ca-65f23053c4e3,4,scored,The scientist observed that the plants grew faster in sunlight,10,17.406,21.968,4562.0,0.7,1373.023488,0.0,0.0,0,
e3d3f9a1-881a-465c-b1ca-65f23053c4e3,p003,be802497-86c8-4a4b-bfdc-1152d1516732,e3d3f9a1-881a-465c-b1ca-65f23053c4e3,5,scored,After the storm the streets were covered with fallen leaves,10,22.0,27.484,5484.0,0.6,1636.594944,878.5933488852862,0.0,0,
e3d3f9a1-881a-465c-b1ca-65f23053c4e3,p003,fad0fa56-57a3-4fec-acfb-ae0cd7a16cc6,e3d3f9a1-881a-465c-b1ca-65f23053c4e3,6,scored,The museum displayed artifacts from ancient civilizations around the world,10,27.5,34.156,6656.0,0.8,1316.536832,1726.8409463638416,0.0,0,
e3d3f9a1-881a-465c-b1ca-65f23053c4e3,p003,dad9f6d3-49b5-45df-9b2a-c98c9c34fcc0,e3d3f9a1-881a-465c-b1ca-65f23053c4e3,7,scored,During the summer holidays they traveled to several different countries,10,34.156,39.484,5328.0,0.8,441.12516266666665,466.8453420282793,0.0,0,
e3d3f9a1-881a-465c-b1ca-65f23053c4e3,p003,41a304e4-5b82-495d-9792-ec4d39ab400a,e3d3f9a1-881a-465c-b1ca-65f23053c4e3,8,scored,The engineer carefully examined the bridge structure before approving the design,11,39.484,45.359,5875.0,0.5454545454545454,1784.7859200000003,1494.6652625335712,0.0,0,
e3d3f9a1-881a-465c-b1ca-65f23053c4e3,p003,f7d6e90d-183b-449a-bc3d-563c36513a99,e3d3f9a1-881a-465c-b1ca-65f23053c4e3,9,scored,She discovered that consistent practice significantly improved her reading speed,10,45.375,51.015,5640.0,0.8,149.607936,97.4557297565099,0.0,0,
e3d3f9a1-881a-465c-b1ca-65f23053c4e3,p003,c3cc27b4-f8cd-458d-a155-997c3fa0ab83,e3d3f9a1-881a-465c-b1ca-65f23053c4e3,10,scored,The local government proposed constructing a new library in the town center,12,51.031,55.562,4531.0,0.5,,,0.0,0,
e3d3f9a1-881a-465c-b1ca-65f23053c4e3,p003,ec6b56a7-7e68-4713-acdc-df802d245f86,e3d3f9a1-881a-465c-b1ca-65f23053c4e3,11,scored,Research has demonstrated that bilingual children often develop stronger cognitive flexibility,11,55.578,63.828,8250.0,0.7272727272727273,,,0.0,0,
6bb179e8-136d-47b8-ab1f-4d88db1fe6dd,p005,396b7647-cbb8-4c31-8df3-4ad775afe315,6bb179e8-136d-47b8-ab1f-4d88db1fe6dd,0,practice,The cat sat on the mat,6,0.015,17.218,17203.0,0.8333333333333334,-321.2769280000001,1748.886016,0.0,0,
233274b3-1319-402f-8658-f6b6c4807c33,p005,6ddf48c7-d8c5-4a7c-b053-3b952556bd57,233274b3-1319-402f-8658-f6b6c4807c33,0,practice,The cat sat on the mat,6,0.016,24.875,24859.0,1.0,615.8848,851.4975606742573,0.0,0,
233274b3-1319-402f-8658-f6b6c4807c33,p005,b4db0926-90ba-46e5-95da-90cb40223ef4,233274b3-1319-402f-8658-f6b6c4807c33,1,practice,She walked quickly to the store,6,24.891,58.687,33796.0,0.5,,,0.0,0,
c1b8e29e-10e2-4feb-98e2-7620a65bfab9,p005,cb6926ed-be39-4da2-836e-5034e49d7189,c1b8e29e-10e2-4feb-98e2-7620a65bfab9,0,practice,The cat sat on the mat,6,0.016,10.36,10344.0,1.0,814.1762560000001,325.874944,0.0,0,
c1b8e29e-10e2-4feb-98e2-7620a65bfab9,p005,d08e942e-4f31-4066-94e1-ef5a1ff01ae2,c1b8e29e-10e2-4feb-98e2-7620a65bfab9,1,practice,She walked quickly to the store,6,10.36,21.766,11406.0,0.8333333333333334,990.8283733333334,604.3899030239539,0.0,0,
c1b8e29e-10e2-4feb-98e2-7620a65bfab9,p005,5725bd24-01b4-4e55-9baa-849d380b8870,c1b8e29e-10e2-4feb-98e2-7620a65bfab9,2,scored,The children played outside until the sun set,8,21.781,42.328,20547.0,0.875,1884.571392,377.83526400000005,0.0,0,
c1b8e29e-10e2-4feb-98e2-7620a65bfab9,p005,04d736a2-720b-4e43-8331-dddd38630bae,c1b8e29e-10e2-4feb-98e2-7620a65bfab9,3,scored,Every morning she read the newspaper before breakfast,8,42.344,58.719,16375.0,0.75,1469.0618026666664,224.33568120276192,0.0,0,
c1b8e29e-10e2-4feb-98e2-7620a65bfab9,p005,5446bc3f-c9bb-40e0-824c-423d2fa1b747,c1b8e29e-10e2-4feb-98e2-7620a65bfab9,4,scored,The scientist observed that the plants grew faster in sunlight,10,58.735,80.031,21296.0,0.6,992.7287040000001,1704.910464,0.0,0,
c1b8e29e-10e2-4feb-98e2-7620a65bfab9,p005,a8367210-d5f1-4fda-bc49-dba73cd1a7fb,c1b8e29e-10e2-4feb-98e2-7620a65bfab9,5,scored,After the storm the streets were covered with fallen leaves,10,80.063,97.969,17906.0,0.5,724.953472,1859.5786665281446,0.0,0,
c1b8e29e-10e2-4feb-98e2-7620a65bfab9,p005,16bd0619-b453-43e5-bf85-af913c4c9f1a,c1b8e29e-10e2-4feb-98e2-7620a65bfab9,6,scored,The museum displayed artifacts from ancient civilizations around the world,10,97.969,133.875,35906.0,0.8,-7287.749568,11467.054701776246,0.0,0,
c1b8e29e-10e2-4feb-98e2-7620a65bfab9,p005,687cc619-c74c-489a-9f28-2089c2dd0302,c1b8e29e-10e2-4feb-98e2-7620a65bfab9,7,scored,During the summer holidays they traveled to several different countries,10,133.891,158.313,24422.0,0.8,1160.0348672,2042.9048243985599,0.0,0,
c1b8e29e-10e2-4feb-98e2-7620a65bfab9,p005,71b63ffe-117f-482a-a943-3086805652c4,c1b8e29e-10e2-4feb-98e2-7620a65bfab9,8,scored,The engineer carefully examined the bridge structure before approving the design,11,158.328,167.594,9266.0,0.7272727272727273,1723.596416,1345.278497072491,0.0,0,
c1b8e29e-10e2-4feb-98e2-7620a65bfab9,p005,5fcc3a72-f9f7-479a-92c5-845998a8c25c,c1b8e29e-10e2-4feb-98e2-7620a65bfab9,9,scored,She discovered that consistent practice significantly improved her reading speed,10,167.594,210.985,43391.0,0.8,-4163.222732799999,14491.973464854398,0.0,0,
c1b8e29e-10e2-4feb-98e2-7620a65bfab9,p005,541d772e-bc1e-4d0f-94e4-8bf6ebe457fe,c1b8e29e-10e2-4feb-98e2-7620a65bfab9,10,scored,The local government proposed constructing a new library in the town center,12,211.0,239.188,28188.0,0.75,2273.454701714286,1359.5186012257298,0.0,0,
c1b8e29e-10e2-4feb-98e2-7620a65bfab9,p005,b2279659-0260-4b51-bc0e-b0b7241f1cbc,c1b8e29e-10e2-4feb-98e2-7620a65bfab9,11,scored,Research has demonstrated that bilingual children often develop stronger cognitive flexibility,11,239.188,273.61,34422.0,0.5454545454545454,1950.5919573333333,835.6367111131444,0.0,0,
c1b8e29e-10e2-4feb-98e2-7620a65bfab9,p005,e4c23a39-1bde-47b3-ad5c-697a8538975a,c1b8e29e-10e2-4feb-98e2-7620a65bfab9,11,scored,Research has demonstrated that bilingual children often develop stronger cognitive flexibility,11,239.188,276.969,37781.0,0.5454545454545454,1950.5919573333333,835.6367111131444,0.0,0,
dde09ccb-07bf-4e3a-8006-b5abc8440482,p006,989c0a1e-fad0-49cc-8488-f9864e3ef440,dde09ccb-07bf-4e3a-8006-b5abc8440482,0,practice,The cat sat on the mat,6,0.0,10.718,10718.0,0.8333333333333334,3257.788416,0.0,0.0,0,
dde09ccb-07bf-4e3a-8006-b5abc8440482,p006,d27ceb0a-e96c-42e3-96a0-74aaaef39a50,dde09ccb-07bf-4e3a-8006-b5abc8440482,1,practice,She walked quickly to the store,6,10.734,23.39,12656.0,0.6666666666666666,282.610048,1098.504064,0.0,0,
dde09ccb-07bf-4e3a-8006-b5abc8440482,p006,25c5ed9b-7099-4f2a-bfbf-1e5b4855b38d,dde09ccb-07bf-4e3a-8006-b5abc8440482,2,scored,The children played outside until the sun set,8,23.39,40.125,16735.0,0.75,,,0.0,0,
dde09ccb-07bf-4e3a-8006-b5abc8440482,p006,a1519712-bb4f-4fc1-8cf4-2208a7600f22,dde09ccb-07bf-4e3a-8006-b5abc8440482,3,scored,Every morning she read the newspaper before breakfast,8,40.14,57.922,17782.0,0.875,,,0.0,0,
dde09ccb-07bf-4e3a-8006-b5abc8440482,p006,4fbd4b4a-bca0-45ad-b7a6-06dfe8a5605f,dde09ccb-07bf-4e3a-8006-b5abc8440482,4,scored,The scientist observed that the plants grew faster in sunlight,10,57.922,78.515,20593.0,0.9,790.6143573333333,848.918676213912,0.0,0,
dde09ccb-07bf-4e3a-8006-b5abc8440482,p006,83278c22-75d1-4925-8b3c-065c31144853,dde09ccb-07bf-4e3a-8006-b5abc8440482,5,scored,After the storm the streets were covered with fallen leaves,10,78.531,120.906,42375.0,1.0,1466.7381759999998,11932.99535612687,0.0,0,
dde09ccb-07bf-4e3a-8006-b5abc8440482,p006,f7ed1ebe-167b-4428-b3c3-b64049c3de27,dde09ccb-07bf-4e3a-8006-b5abc8440482,6,scored,The museum displayed artifacts from ancient civilizations around the world,10,120.922,146.781,25859.0,0.8,738.1835702857142,2292.621132679099,0.0,0,
dde09ccb-07bf-4e3a-8006-b5abc8440482,p006,60060866-3a77-496d-9eee-ec1eb93f8970,dde09ccb-07bf-4e3a-8006-b5abc8440482,7,scored,During the summer holidays they traveled to several different countries,10,146.797,175.093,28296.0,0.7,-952.7062016000002,6931.583968873056,0.0,0,
dde09ccb-07bf-4e3a-8006-b5abc8440482,p006,1bf30804-1b87-46d1-8481-37f9aa28ef3a,dde09ccb-07bf-4e3a-8006-b5abc8440482,8,scored,The engineer carefully examined the bridge structure before approving the design,11,175.093,205.328,30235.0,0.6363636363636364,,,0.0,0,
dde09ccb-07bf-4e3a-8006-b5abc8440482,p006,aef1d4e1-4fe5-4e96-b0c8-aa264732a10e,dde09ccb-07bf-4e3a-8006-b5abc8440482,9,scored,She discovered that consistent practice significantly improved her reading speed,10,205.343,229.781,24438.0,0.8,2465.3163520000003,1213.4639028697854,0.0,0,
dde09ccb-07bf-4e3a-8006-b5abc8440482,p006,36aff802-6d42-4e42-ad88-c2b84044ce8a,dde09ccb-07bf-4e3a-8006-b5abc8440482,10,scored,The local government proposed constructing a new library in the town center,12,229.797,260.781,30984.0,0.8333333333333334,-2877.801618285714,10629.014694688172,0.0,0,
dde09ccb-07bf-4e3a-8006-b5abc8440482,p006,71c43855-8970-4313-8ac1-c802bcaf578f,dde09ccb-07bf-4e3a-8006-b5abc8440482,11,scored,Research has demonstrated that bilingual children often develop stronger cognitive flexibility,11,260.797,278.047,17250.0,1.0,2833.0919497142854,2000.531857356863,0.0,0,
235050a8-6c14-43b6-8098-4609d6206104,p007,eaa6fc9b-1126-46a8-896f-b708e0827e6c,235050a8-6c14-43b6-8098-4609d6206104,0,practice,The cat sat on the mat,6,0.015,8.671,8656.0,1.0,354.90464000000003,909.0808883099419,0.0,0,
235050a8-6c14-43b6-8098-4609d6206104,p007,4a516a7e-b2d4-4d5a-96cf-52f580fe02e2,235050a8-6c14-43b6-8098-4609d6206104,1,practice,She walked quickly to the store,6,8.671,24.781,16110.0,0.8333333333333334,-57.71891199999999,844.2730240000001,0.0,0,
235050a8-6c14-43b6-8098-4609d6206104,p007,fea4f555-7847-45b8-a355-886ece51a7be,235050a8-6c14-43b6-8098-4609d6206104,2,scored,The children played outside until the sun set,8,24.796,36.625,11829.0,0.75,,,0.0,0,
235050a8-6c14-43b6-8098-4609d6206104,p007,955eb393-1b1d-45bd-901c-0367d7552a47,235050a8-6c14-43b6-8098-4609d6206104,3,scored,Every morning she read the newspaper before breakfast,8,36.64,53.14,16500.0,0.75,508.9877333333334,636.2339015655915,0.0,0,
15ade96f-c567-4f3e-9442-05afb700496b,p007,09204ca4-0cd9-4fec-90b7-456efe4dba9a,15ade96f-c567-4f3e-9442-05afb700496b,0,practice,The cat sat on the mat,6,0.015,9.609,9594.0,0.8333333333333334,737.91968,1007.7405421375777,0.0,0,
15ade96f-c567-4f3e-9442-05afb700496b,p007,8041aebc-6bb3-4984-9328-1df8635bd400,15ade96f-c567-4f3e-9442-05afb700496b,1,practice,She walked quickly to the store,6,9.625,17.656,8031.0,0.6666666666666666,219.25324799999999,1689.69856,0.0,0,
15ade96f-c567-4f3e-9442-05afb700496b,p007,eba74c16-b0a6-40c4-b66d-ac04fe725634,15ade96f-c567-4f3e-9442-05afb700496b,2,scored,The children played outside until the sun set,8,17.672,31.406,13734.0,0.875,252.08934399999998,1627.438336,0.0,0,
15ade96f-c567-4f3e-9442-05afb700496b,p007,15088a1e-816c-41ed-96ed-83a14e5c865a,15ade96f-c567-4f3e-9442-05afb700496b,3,scored,Every morning she read the newspaper before breakfast,8,31.422,48.937,17515.0,0.875,-4932.463274666667,6520.648200635993,0.0,0,
15ade96f-c567-4f3e-9442-05afb700496b,p007,91ba165e-067a-43eb-95c3-0fa23d0d74eb,15ade96f-c567-4f3e-9442-05afb700496b,4,scored,The scientist observed that the plants grew faster in sunlight,10,48.937,67.031,18094.0,0.8,-2056.367274666667,4973.6319742764135,0.0,0,
15ade96f-c567-4f3e-9442-05afb700496b,p007,cecb8e5b-4835-4ed6-b98f-33c6b871c05e,15ade96f-c567-4f3e-9442-05afb700496b,5,scored,After the storm the streets were covered with fallen leaves,10,67.047,87.125,20078.0,0.8,207.9360853333333,1687.5685416600716,0.0,0,
15ade96f-c567-4f3e-9442-05afb700496b,p007,cea9825d-3aa1-45e5-9b4e-747f138d4387,15ade96f-c567-4f3e-9442-05afb700496b,6,scored,The museum displayed artifacts from ancient civilizations around the world,10,87.14,113.812,26672.0,0.9,906.5652053333334,1181.8914055465616,0.0,0,
15ade96f-c567-4f3e-9442-05afb700496b,p007,be4c43bd-dc3d-4049-995b-6d990b2d8c56,15ade96f-c567-4f3e-9442-05afb700496b,7,scored,During the summer holidays they traveled to several different countries,10,113.812,141.687,27875.0,0.9,389.0133942857143,1725.5434686147764,0.0,0,
15ade96f-c567-4f3e-9442-05afb700496b,p007,ef27a190-74ed-49bb-94c5-65a3b99b6bf5,15ade96f-c567-4f3e-9442-05afb700496b,8,scored,The engineer carefully examined the bridge structure before approving the design,11,141.703,167.672,25969.0,0.8181818181818182,-1109.5091626666667,6006.938254348222,0.0,0,
15ade96f-c567-4f3e-9442-05afb700496b,p007,f779fb28-6728-4d5e-96b0-6088eccf89ad,15ade96f-c567-4f3e-9442-05afb700496b,9,scored,She discovered that consistent practice significantly improved her reading speed,10,167.687,196.89,29203.0,0.8,-939.7987108571427,6936.648415657723,0.0,0,
15ade96f-c567-4f3e-9442-05afb700496b,p007,4689bb82-b4c4-4b55-9a54-fd2a9e1a0404,15ade96f-c567-4f3e-9442-05afb700496b,10,scored,The local government proposed constructing a new library in the town center,12,196.89,204.859,7969.0,0.5833333333333334,1270.9688746666666,1620.4129673723626,0.0,0,
15ade96f-c567-4f3e-9442-05afb700496b,p007,4d572140-0a3e-4daf-b2cf-5f99bf91e31c,15ade96f-c567-4f3e-9442-05afb700496b,11,scored,Research has demonstrated that bilingual children often develop stronger cognitive flexibility,11,204.859,210.593,5734.0,0.5454545454545454,2392.18784,892.3575653045763,0.0,0,
56978723-8649-4a46-8921-c055022126c4,p008,ce1852aa-1333-426f-a545-b933fd097e55,56978723-8649-4a46-8921-c055022126c4,0,practice,The cat sat on the mat,6,0.016,11.844,11828.0,0.8333333333333334,1005.75,351.18825080005166,0.0,0,
56978723-8649-4a46-8921-c055022126c4,p008,28240add-b0b3-4747-9873-c869c5028852,56978723-8649-4a46-8921-c055022126c4,1,practice,She walked quickly to the store,6,11.891,25.141,13250.0,0.6666666666666666,910.3333333333334,659.7319320922871,0.0,0,
56978723-8649-4a46-8921-c055022126c4,p008,44b5ae02-6a73-4238-83d6-bf92bfb3f107,56978723-8649-4a46-8921-c055022126c4,2,scored,The children played outside until the sun set,8,25.156,52.063,26907.0,1.0,5484.0,6324.818258258493,0.0,0,
56978723-8649-4a46-8921-c055022126c4,p008,51cf5711-154f-46da-a035-5d88999aa914,56978723-8649-4a46-8921-c055022126c4,3,scored,Every morning she read the newspaper before breakfast,8,52.078,83.313,31235.0,0.875,1124.3333333333333,251.06484332848268,0.0,0,
56978723-8649-4a46-8921-c055022126c4,p008,20581cdf-89fa-4408-9da0-083b8662c42e,56978723-8649-4a46-8921-c055022126c4,4,scored,The scientist observed that the plants grew faster in sunlight,10,83.328,104.281,20953.0,0.7,,,0.0,0,
56978723-8649-4a46-8921-c055022126c4,p008,aa6edf10-b10c-446a-876e-2031ac6119cb,56978723-8649-4a46-8921-c055022126c4,5,scored,After the storm the streets were covered with fallen leaves,10,104.344,124.609,20265.0,0.7,,,0.0,0,
56978723-8649-4a46-8921-c055022126c4,p008,e1bb60b8-1475-4c06-ab4b-3790fd66b70e,56978723-8649-4a46-8921-c055022126c4,6,scored,The museum displayed artifacts from ancient civilizations around the world,10,124.625,162.453,37828.0,1.0,-12397.0,14578.0,0.0,0,
56978723-8649-4a46-8921-c055022126c4,p008,5a2cf9af-66de-440e-ae03-0e96514a34a1,56978723-8649-4a46-8921-c055022126c4,7,scored,During the summer holidays they traveled to several different countries,10,162.453,184.609,22156.0,0.9,511.7142857142857,1562.9109941100946,0.0,0,
56978723-8649-4a46-8921-c055022126c4,p008,e7c4a0e0-d20d-427e-9e87-1e2bf2240bc9,56978723-8649-4a46-8921-c055022126c4,8,scored,The engineer carefully examined the bridge structure before approving the design,11,184.609,212.125,27516.0,0.9090909090909091,1805.5,859.5,0.0,0,
56978723-8649-4a46-8921-c055022126c4,p008,03be060c-036a-47de-a956-e7da11984d62,56978723-8649-4a46-8921-c055022126c4,9,scored,She discovered that consistent practice significantly improved her reading speed,10,212.141,236.922,24781.0,0.7,1649.6666666666667,670.6068561799495,0.0,0,
56978723-8649-4a46-8921-c055022126c4,p008,367f44f6-6ae3-4990-80a8-e4a51fa0e528,56978723-8649-4a46-8921-c055022126c4,10,scored,The local government proposed constructing a new library in the town center,12,236.953,261.156,24203.0,0.75,-1550.2,4776.192726429703,0.0,0,
56978723-8649-4a46-8921-c055022126c4,p008,0306737a-9f9d-4506-bfb7-14b9b3e922f5,56978723-8649-4a46-8921-c055022126c4,11,scored,Research has demonstrated that bilingual children often develop stronger cognitive flexibility,11,261.172,295.141,33969.0,1.0,224.25,2038.0150115982954,0.0,0,
79c6261a-b416-4da3-9959-f9e48cf0eea4,p009,a1438546-5f5a-400f-8844-2fb10d83085b,79c6261a-b416-4da3-9959-f9e48cf0eea4,0,practice,The cat sat on the mat,6,0.015,8.453,8438.0,0.8333333333333334,843.8,494.9757165760761,0.0,0,
79c6261a-b416-4da3-9959-f9e48cf0eea4,p009,e8ff7945-8b27-4128-8d3a-049659682c55,79c6261a-b416-4da3-9959-f9e48cf0eea4,1,practice,She walked quickly to the store,6,8.468,18.968,10500.0,0.8333333333333334,837.5,62.5,0.0,0,
79c6261a-b416-4da3-9959-f9e48cf0eea4,p009,46c10a0c-9ff9-4a1d-b009-b2c7f9f2209c,79c6261a-b416-4da3-9959-f9e48cf0eea4,2,scored,The children played outside until the sun set,8,18.984,31.406,12422.0,0.875,759.0,0.0,0.0,0,
79c6261a-b416-4da3-9959-f9e48cf0eea4,p009,b4e8d0d2-7093-489c-aede-aa25ada875be,79c6261a-b416-4da3-9959-f9e48cf0eea4,3,scored,Every morning she read the newspaper before breakfast,8,31.422,36.5,5078.0,0.75,92.33333333333333,1507.2700119384347,0.0,0,
79c6261a-b416-4da3-9959-f9e48cf0eea4,p009,3a9b5735-a10c-411f-943d-a2866f526a7c,79c6261a-b416-4da3-9959-f9e48cf0eea4,4,scored,The scientist observed that the plants grew faster in sunlight,10,36.5,41.984,5484.0,0.6,1077.0,708.1412288519854,0.0,0,
79c6261a-b416-4da3-9959-f9e48cf0eea4,p009,d6e1f7c9-9d7b-4b5d-bf09-447713b9b9b2,79c6261a-b416-4da3-9959-f9e48cf0eea4,5,scored,After the storm the streets were covered with fallen leaves,10,42.015,66.797,24782.0,1.0,-4636.666666666667,5921.340351268077,0.0,0,
79c6261a-b416-4da3-9959-f9e48cf0eea4,p009,e646a86d-4382-484e-a300-e9e94fa682f1,79c6261a-b416-4da3-9959-f9e48cf0eea4,6,scored,The museum displayed artifacts from ancient civilizations around the world,10,66.812,71.172,4360.0,0.5,1427.0,661.4113697238656,0.0,0,
79c6261a-b416-4da3-9959-f9e48cf0eea4,p009,69747ecf-03b4-4282-8a5d-e7101b3b8765,79c6261a-b416-4da3-9959-f9e48cf0eea4,7,scored,During the summer holidays they traveled to several different countries,10,71.187,79.765,8578.0,0.9,817.1428571428571,183.61328038759584,0.0,0,
79c6261a-b416-4da3-9959-f9e48cf0eea4,p009,e3d56082-a9ac-4a5f-b869-7c0c6182351c,79c6261a-b416-4da3-9959-f9e48cf0eea4,8,scored,The engineer carefully examined the bridge structure before approving the design,11,79.765,85.843,6078.0,0.5454545454545454,2144.3333333333335,265.6066431565462,0.0,0,
79c6261a-b416-4da3-9959-f9e48cf0eea4,p009,b23783a5-0855-4d1c-a738-422abddf9538,79c6261a-b416-4da3-9959-f9e48cf0eea4,9,scored,She discovered that consistent practice significantly improved her reading speed,10,85.859,93.922,8063.0,0.7,2561.3333333333335,1509.654559456861,0.0,0,
79c6261a-b416-4da3-9959-f9e48cf0eea4,p009,f1360119-e1a1-4130-b111-c4aaa59ad550,79c6261a-b416-4da3-9959-f9e48cf0eea4,10,scored,The local government proposed constructing a new library in the town center,12,93.953,117.797,23844.0,1.0,620.1818181818181,1387.2083685774246,0.0,0,
79c6261a-b416-4da3-9959-f9e48cf0eea4,p009,af871fe7-121e-4d63-8a5d-3ec1e6871eda,79c6261a-b416-4da3-9959-f9e48cf0eea4,11,scored,Research has demonstrated that bilingual children often develop stronger cognitive flexibility,11,117.812,150.906,33094.0,0.9090909090909091,-837.8,3021.9726272751045,0.0,0,
99d4a680-9565-4057-be85-83cf464912c3,p009,2a5cf775-62f7-4977-b4e2-d37d341c8952,99d4a680-9565-4057-be85-83cf464912c3,0,practice,The cat sat on the mat,6,0.016,7.438,7422.0,0.8333333333333334,712.6666666666666,388.33090127993796,0.0,0,
99d4a680-9565-4057-be85-83cf464912c3,p009,6081c4b8-c2e3-43d8-959e-a48503d021fe,99d4a680-9565-4057-be85-83cf464912c3,1,practice,She walked quickly to the store,6,7.438,16.688,9250.0,1.0,403.75,57.99730597191563,0.0,0,
99d4a680-9565-4057-be85-83cf464912c3,p009,067c6df3-dfa8-4658-b55f-378c2d38c1fa,99d4a680-9565-4057-be85-83cf464912c3,2,scored,The children played outside until the sun set,8,16.703,29.453,12750.0,0.875,1015.0,115.44984481005882,0.0,0,
99d4a680-9565-4057-be85-83cf464912c3,p009,1ea9720a-af9b-4c92-952e-7d96650daa04,99d4a680-9565-4057-be85-83cf464912c3,3,scored,Every morning she read the newspaper before breakfast,8,29.453,44.297,14844.0,0.875,697.0,47.0,0.0,0,
99d4a680-9565-4057-be85-83cf464912c3,p009,071c1c84-7f9c-414d-af66-ea2a7cac637c,99d4a680-9565-4057-be85-83cf464912c3,4,scored,The scientist observed that the plants grew faster in sunlight,10,44.328,50.36,6032.0,0.8,1827.3333333333333,279.54288082908175,0.0,0,
99d4a680-9565-4057-be85-83cf464912c3,p009,453c323c-006f-49c7-a65b-260be199a228,99d4a680-9565-4057-be85-83cf464912c3,5,scored,After the storm the streets were covered with fallen leaves,10,50.391,54.641,4250.0,0.6,1368.8,835.9524866880892,0.0,0,
99d4a680-9565-4057-be85-83cf464912c3,p009,3b0a6f9a-f2d8-4522-ad00-1e26ab36c5a2,99d4a680-9565-4057-be85-83cf464912c3,6,scored,The museum displayed artifacts from ancient civilizations around the world,10,54.656,61.406,6750.0,0.8,1009.1666666666666,264.734090908007,0.0,0,
99d4a680-9565-4057-be85-83cf464912c3,p009,a4de56ea-94e0-4fec-aad8-ba5f267c529a,99d4a680-9565-4057-be85-83cf464912c3,7,scored,During the summer holidays they traveled to several different countries,10,61.422,67.891,6469.0,0.7,540.4,2573.1809574921076,0.0,0,
99d4a680-9565-4057-be85-83cf464912c3,p009,5fa05ffb-eb93-46df-8508-951151ebf791,99d4a680-9565-4057-be85-83cf464912c3,8,scored,The engineer carefully examined the bridge structure before approving the design,11,67.891,74.735,6844.0,0.7272727272727273,1778.4,860.0608350576138,0.0,0,
99d4a680-9565-4057-be85-83cf464912c3,p009,4f23fce8-90b4-4d36-b0ae-9df471c88e91,99d4a680-9565-4057-be85-83cf464912c3,9,scored,She discovered that consistent practice significantly improved her reading speed,10,74.75,80.266,5516.0,0.7,1660.6666666666667,623.4211168134176,0.0,0,
99d4a680-9565-4057-be85-83cf464912c3,p009,f4d4934f-c4e8-4dc5-bc14-7b690537dcc9,99d4a680-9565-4057-be85-83cf464912c3,10,scored,The local government proposed constructing a new library in the town center,12,80.281,105.172,24891.0,0.8333333333333334,-594.0,4042.963362436024,0.0,0,
99d4a680-9565-4057-be85-83cf464912c3,p009,8a77befa-eb94-4be5-9ce2-f49957b53c03,99d4a680-9565-4057-be85-83cf464912c3,11,scored,Research has demonstrated that bilingual children often develop stronger cognitive flexibility,11,105.188,136.672,31484.0,0.8181818181818182,1406.6,290.5282086132085,0.0,0,
a9fc7782-08ad-40c5-a5dc-acfc73a5c037,p010,e7095a9d-374e-47ea-9fc8-1556bfd6e964,a9fc7782-08ad-40c5-a5dc-acfc73a5c037,0,practice,The cat sat on the mat,6,0.016,6.719,6703.0,1.0,1815.6,2083.4184985259203,0.0,0,
a9fc7782-08ad-40c5-a5dc-acfc73a5c037,p010,04a453d3-06d8-4a79-88b5-c3802579016f,a9fc7782-08ad-40c5-a5dc-acfc73a5c037,1,practice,She walked quickly to the store,6,6.781,17.344,10563.0,1.0,,,0.0,0,
a9fc7782-08ad-40c5-a5dc-acfc73a5c037,p010,3968476d-dbf4-429d-8aee-91ea2f55433e,a9fc7782-08ad-40c5-a5dc-acfc73a5c037,2,scored,The children played outside until the sun set,8,17.391,32.235,14844.0,0.75,7853.0,984.0,0.0,0,
a9fc7782-08ad-40c5-a5dc-acfc73a5c037,p010,9d5df7ed-3d6c-4ee9-b459-e1e0b9f0afcc,a9fc7782-08ad-40c5-a5dc-acfc73a5c037,3,scored,Every morning she read the newspaper before breakfast,8,32.25,46.656,14406.0,0.625,5837.0,906.0,0.0,0,
a9fc7782-08ad-40c5-a5dc-acfc73a5c037,p010,2d235b3b-3d83-47ca-9d88-15c7ce59ee7c,a9fc7782-08ad-40c5-a5dc-acfc73a5c037,4,scored,The scientist observed that the plants grew faster in sunlight,10,46.656,66.781,20125.0,0.8,7212.5,2922.5,0.0,0,
a9fc7782-08ad-40c5-a5dc-acfc73a5c037,p010,dd99e7e2-3050-4eb7-bb60-e817e80add39,a9fc7782-08ad-40c5-a5dc-acfc73a5c037,5,scored,After the storm the streets were covered with fallen leaves,10,66.813,88.969,22156.0,0.7,6733.333333333333,4562.863525852549,0.0,0,
a9fc7782-08ad-40c5-a5dc-acfc73a5c037,p010,d546ebf3-7029-4714-89f3-d3d634e2cf7b,a9fc7782-08ad-40c5-a5dc-acfc73a5c037,6,scored,The museum displayed artifacts from ancient civilizations around the world,10,88.985,109.563,20578.0,0.6,7238.666666666667,5773.353579641173,0.0,0,
a9fc7782-08ad-40c5-a5dc-acfc73a5c037,p010,39d1745f-0aaa-4a0f-866d-7ecd3ff212bf,a9fc7782-08ad-40c5-a5dc-acfc73a5c037,7,scored,During the summer holidays they traveled to several different countries,10,109.563,130.297,20734.0,0.7,7670.666666666667,3665.7947145044673,0.0,0,
a9fc7782-08ad-40c5-a5dc-acfc73a5c037,p010,3561c592-6a99-4733-ac61-c546c0c12d91,a9fc7782-08ad-40c5-a5dc-acfc73a5c037,8,scored,The engineer carefully examined the bridge structure before approving the design,11,130.313,154.36,24047.0,0.6363636363636364,7306.0,0.0,0.0,0,
a9fc7782-08ad-40c5-a5dc-acfc73a5c037,p010,3209ab2b-f77c-4513-bbeb-01ea0cbd793f,a9fc7782-08ad-40c5-a5dc-acfc73a5c037,9,scored,She discovered that consistent practice significantly improved her reading speed,10,154.375,194.625,40250.0,0.9,11208.0,12346.500175006218,0.0,0,
a9fc7782-08ad-40c5-a5dc-acfc73a5c037,p010,8d51ed3a-ac29-4658-99c9-ee4bca66e4de,a9fc7782-08ad-40c5-a5dc-acfc73a5c037,10,scored,The local government proposed constructing a new library in the town center,12,194.641,215.531,20890.0,0.6666666666666666,4868.666666666667,3257.839604536861,0.0,0,
a9fc7782-08ad-40c5-a5dc-acfc73a5c037,p010,b2fd6645-98df-49e0-bbb9-144463f744a1,a9fc7782-08ad-40c5-a5dc-acfc73a5c037,11,scored,Research has demonstrated that bilingual children often develop stronger cognitive flexibility,11,215.531,244.047,28516.0,0.8181818181818182,8930.833333333334,7774.580019024966,0.0,0,
ecd6c8b6-4d5f-4f3d-88b8-0a69a7de2919,p011,5efa868b-bfca-45ac-af5b-7dd26fc6bb1d,ecd6c8b6-4d5f-4f3d-88b8-0a69a7de2919,0,practice,The cat sat on the mat,6,0.015,11.234,11219.0,1.0,3170.6666666666665,1316.697214835497,0.16666666666666666,1,
ecd6c8b6-4d5f-4f3d-88b8-0a69a7de2919,p011,d53f0ceb-846d-4552-ba0e-530e2e9cd9ca,ecd6c8b6-4d5f-4f3d-88b8-0a69a7de2919,1,practice,She walked quickly to the store,6,11.25,28.296,17046.0,1.0,2462.0,0.0,0.16666666666666666,1,
ecd6c8b6-4d5f-4f3d-88b8-0a69a7de2919,p011,351c8aee-7151-44c5-bda8-c751dc20eecf,ecd6c8b6-4d5f-4f3d-88b8-0a69a7de2919,2,scored,The children played outside until the sun set,8,28.296,42.14,13844.0,1.0,1609.2,1533.8498492355764,0.375,3,
ecd6c8b6-4d5f-4f3d-88b8-0a69a7de2919,p011,e5e51584-d771-4e73-a205-6490142aed62,ecd6c8b6-4d5f-4f3d-88b8-0a69a7de2919,3,scored,Every morning she read the newspaper before breakfast,8,42.156,60.906,18750.0,1.0,4858.333333333333,4453.133154183567,0.125,1,
ecd6c8b6-4d5f-4f3d-88b8-0a69a7de2919,p011,c4a7f38f-b1c4-43e8-b6d7-b39be16b376f,ecd6c8b6-4d5f-4f3d-88b8-0a69a7de2919,4,scored,The scientist observed that the plants grew faster in sunlight,10,60.921,90.312,29391.0,0.9,5777.285714285715,4627.906089746227,0.1,1,
ecd6c8b6-4d5f-4f3d-88b8-0a69a7de2919,p011,f63ff645-5f60-4c40-983a-1e855f36af36,ecd6c8b6-4d5f-4f3d-88b8-0a69a7de2919,5,scored,After the storm the streets were covered with fallen leaves,10,90.328,106.765,16437.0,0.7,587.0,0.0,0.4,4,
ecd6c8b6-4d5f-4f3d-88b8-0a69a7de2919,p011,f989f451-dd36-4556-aaaf-b005e8cd00e3,ecd6c8b6-4d5f-4f3d-88b8-0a69a7de2919,6,scored,The museum displayed artifacts from ancient civilizations around the world,10,106.781,130.093,23312.0,1.0,4339.222222222223,7112.955734710474,0.3,3,
ecd6c8b6-4d5f-4f3d-88b8-0a69a7de2919,p011,921d7fca-b7a8-4391-9b12-5fa1658c3170,ecd6c8b6-4d5f-4f3d-88b8-0a69a7de2919,7,scored,During the summer holidays they traveled to several different countries,10,130.093,150.531,20438.0,0.8,2730.5,3088.621092008536,0.2,2,
ecd6c8b6-4d5f-4f3d-88b8-0a69a7de2919,p011,5d031b5b-bd49-48ec-892a-a933d4aae0e0,ecd6c8b6-4d5f-4f3d-88b8-0a69a7de2919,8,scored,The engineer carefully examined the bridge structure before approving the design,11,150.531,177.687,27156.0,0.8181818181818182,1699.8,14436.264660915578,0.2727272727272727,3,
ecd6c8b6-4d5f-4f3d-88b8-0a69a7de2919,p011,1de15c35-a43b-4bbe-bb93-ec9a02e02e46,ecd6c8b6-4d5f-4f3d-88b8-0a69a7de2919,9,scored,She discovered that consistent practice significantly improved her reading speed,10,177.703,209.031,31328.0,0.9,6327.222222222223,5457.625038579363,0.1,1,
ecd6c8b6-4d5f-4f3d-88b8-0a69a7de2919,p011,9b81c6dc-b3f5-4eef-b985-26608bd71e8e,ecd6c8b6-4d5f-4f3d-88b8-0a69a7de2919,10,scored,The local government proposed constructing a new library in the town center,12,209.046,214.343,5297.0,0.6666666666666666,2121.6,665.9623412776432,0.08333333333333333,1,
ecd6c8b6-4d5f-4f3d-88b8-0a69a7de2919,p011,096ed1ba-9c00-460a-af92-ac981b0df473,ecd6c8b6-4d5f-4f3d-88b8-0a69a7de2919,11,scored,Research has demonstrated that bilingual children often develop stronger cognitive flexibility,11,214.359,219.625,5266.0,0.7272727272727273,1467.6666666666667,236.2940729025781,0.0,0,
1c5d8f40-d717-486f-9bf8-9dd5c0773820,p16,3dce4b35-697c-4b14-80a8-95c9a573d87b,1c5d8f40-d717-486f-9bf8-9dd5c0773820,0,practice,The cat sat on the mat,6,0.016,7.609,7593.0,1.0,1923.5,1023.5,0.16666666666666666,1,
1c5d8f40-d717-486f-9bf8-9dd5c0773820,p16,68443b7e-704b-47a9-ac86-0e8f45942ee0,1c5d8f40-d717-486f-9bf8-9dd5c0773820,1,practice,She walked quickly to the store,6,7.625,17.578,9953.0,1.0,2697.0,1599.6007835290236,0.3333333333333333,2,
1c5d8f40-d717-486f-9bf8-9dd5c0773820,p16,f19a682c-1f9d-4f29-879b-a4516fe31545,1c5d8f40-d717-486f-9bf8-9dd5c0773820,2,scored,The children played outside until the sun set,8,17.594,30.5,12906.0,0.75,3358.3333333333335,2549.6462935517593,0.125,1,
1c5d8f40-d717-486f-9bf8-9dd5c0773820,p16,917d76ae-ae5c-4ca9-9ccf-05a1ac7477ee,1c5d8f40-d717-486f-9bf8-9dd5c0773820,3,scored,Every morning she read the newspaper before breakfast,8,30.5,33.922,3422.0,0.375,,,0.0,0,
1c5d8f40-d717-486f-9bf8-9dd5c0773820,p16,185b9b5d-4fa2-4647-95fe-1b0d815289b5,1c5d8f40-d717-486f-9bf8-9dd5c0773820,4,scored,The scientist observed that the plants grew faster in sunlight,10,33.922,34.828,906.0,0.1,,,0.0,0,
1c5d8f40-d717-486f-9bf8-9dd5c0773820,p16,6b9d2326-c2e7-45ce-87a8-1496e03689e0,1c5d8f40-d717-486f-9bf8-9dd5c0773820,5,scored,After the storm the streets were covered with fallen leaves,10,34.859,38.062,3203.0,0.4,,,0.2,2,
1c5d8f40-d717-486f-9bf8-9dd5c0773820,p16,164df757-18db-41d2-b8f4-6ef8e1bb56b7,1c5d8f40-d717-486f-9bf8-9dd5c0773820,6,scored,The museum displayed artifacts from ancient civilizations around the world,10,38.062,39.25,1188.0,0.2,,,0.0,0,
1c5d8f40-d717-486f-9bf8-9dd5c0773820,p16,c4ab2f71-fe03-440d-8466-b945d55da5a4,1c5d8f40-d717-486f-9bf8-9dd5c0773820,7,scored,During the summer holidays they traveled to several different countries,10,39.266,40.328,1062.0,0.2,,,0.0,0,
1c5d8f40-d717-486f-9bf8-9dd5c0773820,p16,82bd1ade-de62-43d9-964f-bb1327a29e61,1c5d8f40-d717-486f-9bf8-9dd5c0773820,8,scored,The engineer carefully examined the bridge structure before approving the design,11,40.328,41.141,813.0,0.09090909090909091,,,0.0,0,
1c5d8f40-d717-486f-9bf8-9dd5c0773820,p16,76c2ca88-c87f-46c8-ab3c-a5d2973c8366,1c5d8f40-d717-486f-9bf8-9dd5c0773820,9,scored,She discovered that consistent practice significantly improved her reading speed,10,41.141,41.875,734.0,0.1,,,0.0,0,
1c5d8f40-d717-486f-9bf8-9dd5c0773820,p16,637ff32e-6de2-4bc7-b25d-e070214ff105,1c5d8f40-d717-486f-9bf8-9dd5c0773820,10,scored,The local government proposed constructing a new library in the town center,12,41.875,42.531,656.0,0.08333333333333333,,,0.0,0,
1c5d8f40-d717-486f-9bf8-9dd5c0773820,p16,70e34a79-208d-40ad-bcf9-bb96c7657549,1c5d8f40-d717-486f-9bf8-9dd5c0773820,11,scored,Research has demonstrated that bilingual children often develop stronger cognitive flexibility,11,42.531,43.547,1016.0,0.18181818181818182,,,0.0,0,
e3702803-0efb-41d2-bd9f-76cbd86ab2ee,p17,36528492-2bc5-4b80-9256-9ae0225a6321,e3702803-0efb-41d2-bd9f-76cbd86ab2ee,0,practice,The cat sat on the mat,6,0.015,7.281,7266.0,0.8333333333333334,2017.0,992.0,0.0,0,
e3702803-0efb-41d2-bd9f-76cbd86ab2ee,p17,5b1e2562-7fe6-4dd7-b949-5423d5dbfe6e,e3702803-0efb-41d2-bd9f-76cbd86ab2ee,1,practice,She walked quickly to the store,6,7.297,17.031,9734.0,0.8333333333333334,3186.6666666666665,2642.7665218268694,0.3333333333333333,2,
e3702803-0efb-41d2-bd9f-76cbd86ab2ee,p17,242f8c3c-f1d4-46a7-804c-8bb808d15c87,e3702803-0efb-41d2-bd9f-76cbd86ab2ee,2,scored,The children played outside until the sun set,8,17.031,30.25,13219.0,0.625,1838.0,0.0,0.0,0,
41130f30-2e7a-4a3a-8f03-b76bb0509c79,p18,3cf1a508-c389-4cc5-b0bc-71aea78a8c3a,41130f30-2e7a-4a3a-8f03-b76bb0509c79,0,practice,The cat sat on the mat,6,0.031,6.281,6250.0,0.8333333333333334,1243.3333333333333,507.22009248670565,0.16666666666666666,1,
41130f30-2e7a-4a3a-8f03-b76bb0509c79,p18,d69b74ae-13e0-4783-8223-e5337efdf1db,41130f30-2e7a-4a3a-8f03-b76bb0509c79,1,practice,She walked quickly to the store,6,6.281,14.906,8625.0,0.8333333333333334,853.0,0.0,0.0,0,
41130f30-2e7a-4a3a-8f03-b76bb0509c79,p18,580acf59-1534-4ab3-9519-18e590f9fc22,41130f30-2e7a-4a3a-8f03-b76bb0509c79,2,scored,The children played outside until the sun set,8,14.922,25.969,11047.0,0.75,1775.0,0.0,0.25,2,
3ebe9133-cdd2-478a-be6f-0769ba541bbe,p19,5d9bbc54-4dc5-4a48-a9b0-423d0db4830d,3ebe9133-cdd2-478a-be6f-0769ba541bbe,0,practice,The cat sat on the mat,6,0.016,6.954,6938.0,1.0,-365.5,1327.5,0.16666666666666666,1,
3ebe9133-cdd2-478a-be6f-0769ba541bbe,p19,35a177b0-ef2b-49c5-a30a-3f410c401bf0,3ebe9133-cdd2-478a-be6f-0769ba541bbe,1,practice,She walked quickly to the store,6,6.969,17.219,10250.0,0.8333333333333334,-303.0,0.0,0.16666666666666666,1,
3ebe9133-cdd2-478a-be6f-0769ba541bbe,p19,f81074b8-4b6c-49c8-a2dd-d1059767ef60,3ebe9133-cdd2-478a-be6f-0769ba541bbe,2,scored,The children played outside until the sun set,8,17.235,28.141,10906.0,0.625,1260.0,0.0,0.0,0,
1adff5d2-176d-470a-b447-eb12bb2243b0,p20,0b7070b5-ad78-4b8e-87cc-02055fb168e5,1adff5d2-176d-470a-b447-eb12bb2243b0,0,practice,The cat sat on the mat,6,0.016,7.953,7937.0,1.0,2368.5,1609.5,0.16666666666666666,1,
1adff5d2-176d-470a-b447-eb12bb2243b0,p20,cd6365c2-4240-455c-9335-01f06812b3dd,1adff5d2-176d-470a-b447-eb12bb2243b0,1,practice,She walked quickly to the store,6,7.969,18.812,10843.0,1.0,3126.5,2039.5,0.16666666666666666,1,
1adff5d2-176d-470a-b447-eb12bb2243b0,p20,73d31ebd-fb62-492c-8f5b-edfaa5e65b1b,1adff5d2-176d-470a-b447-eb12bb2243b0,2,scored,The children played outside until the sun set,8,18.828,34.734,15906.0,1.0,4678.4,2940.147384060874,0.5,4,
