session_id,participant_id,start_epoch_ts,start_mono_ts,calib_rmse,calib_valid,camera_latency_ms,fuzzy_threshold,lookahead_window,n_sentences,protocol_version,risk_score,risk_band,valid,end_mono_ts,notes
2b29c30c-dc27-4e3e-ba26-cab67da189ce,p001,1771986818.7936583,1067.796,0.0,0,50.0,75.0,3,12,1.0,0.3,MODERATE,1,67.454,
1618efd1-80a5-4d2e-b1ce-c58444374297,p002,1772009016.190635,23265.187,0.0,0,50.0,75.0,3,12,1.0,,,,,
53d1d3ed-8462-4021-9530-53b8591584eb,p002,1772010028.3856082,24277.375,0.0,0,50.0,75.0,3,12,1.0,0.3,MODERATE,1,66.921,
e3d3f9a1-881a-465c-b1ca-65f23053c4e3,p003,1772021824.3857734,36073.375,0.0,0,50.0,75.0,3,12,1.0,0.3,MODERATE,1,63.828,
6bb179e8-136d-47b8-ab1f-4d88db1fe6dd,p005,1772086469.459952,1360.453,0.0,0,50.0,75.0,3,12,1.0,,,,,
233274b3-1319-402f-8658-f6b6c4807c33,p005,1772087251.8615859,2142.859,0.0,0,50.0,75.0,3,12,1.0,,,,,
c1b8e29e-10e2-4feb-98e2-7620a65bfab9,p005,1772087477.5263095,2368.515,0.0,0,50.0,75.0,3,12,1.0,0.4,MODERATE,1,276.969,
6395c2ca-60e7-45cf-939d-c04b77fe4dc4,p006,1772096865.4319315,11756.421,0.0,0,50.0,75.0,3,12,1.0,,,,,
89734b67-1feb-47f5-86db-1fe8c6746446,p006,1772097028.4556613,11919.453,0.0,0,50.0,75.0,3,12,1.0,,,,,
dde09ccb-07bf-4e3a-8006-b5abc8440482,p006,1772097127.080829,12018.078,0.0,0,50.0,75.0,3,12,1.0,0.55,HIGH,1,278.047,
07388106-92de-44e0-b536-6c5222e43554,p007,1772098998.830314,13889.828,0.0,0,50.0,75.0,3,12,1.0,,,,,
235050a8-6c14-43b6-8098-4609d6206104,p007,1772099077.746736,13968.75,0.0,0,50.0,75.0,3,12,1.0,,,,,
15ade96f-c567-4f3e-9442-05afb700496b,p007,1772099193.0872521,14084.078,0.0,0,50.0,75.0,3,12,1.0,0.55,HIGH,1,210.593,
56978723-8649-4a46-8921-c055022126c4,p008,1772121661.1948524,773.187,0.0,0,50.0,75.0,3,12,1.0,0.3,MODERATE,1,295.141,
79c6261a-b416-4da3-9959-f9e48cf0eea4,p009,1772122521.5814474,1633.578,0.0,0,50.0,75.0,3,12,1.0,0.4,MODERATE,1,150.906,
99d4a680-9565-4057-be85-83cf464912c3,p009,1772122750.7697504,1862.765,0.0,0,50.0,75.0,3,12,1.0,0.4,MODERATE,1,136.672,
a9fc7782-08ad-40c5-a5dc-acfc73a5c037,p010,1772165708.8983154,1717.89,0.0,0,50.0,75.0,3,12,1.0,0.4,MODERATE,1,244.047,
ecd6c8b6-4d5f-4f3d-88b8-0a69a7de2919,p011,1772170734.50383,6743.5,0.0,0,50.0,75.0,3,12,1.0,0.4,MODERATE,1,219.625,
1c5d8f40-d717-486f-9bf8-9dd5c0773820,p16,1775922572.9961581,36162.609,0.0,0,50.0,75.0,3,12,1.0,0.3,INCONCLUSIVE,0,43.547,
e3702803-0efb-41d2-bd9f-76cbd86ab2ee,p17,1775939999.4634533,53589.078,0.0,0,50.0,75.0,3,3,1.0,0.4,MODERATE,1,30.25,
41130f30-2e7a-4a3a-8f03-b76bb0509c79,p18,1775940782.0710473,54371.687,0.0,0,50.0,75.0,3,3,1.0,0.4,MODERATE,1,25.969,
3ebe9133-cdd2-478a-be6f-0769ba541bbe,p19,1775968024.548345,697.546,0.0,0,50.0,75.0,3,3,1.0,0.35,MODERATE,1,28.141,
1adff5d2-176d-470a-b447-eb12bb2243b0,p20,1775968605.989575,1278.984,0.0,0,50.0,75.0,3,3,1.0,,,,,
